{
  "guiSettings" : {
    "windowWidth" : 1180.0,
    "windowHeight" : 770.0,
    "windowCoordinates" : {
      "x" : 33,
      "y" : 23
    }
  },
  "aliasSettings" : {
    "addCommand" : {
      "aliasCommand" : "add",
      "aliasString" : "b"
    },
    "clearCommand" : {
      "aliasCommand" : "clear",
      "aliasString" : "clear"
    },
    "currentUserCommand" : {
      "aliasCommand" : "currentuser",
      "aliasString" : "currentuser"
    },
    "deleteCommand" : {
      "aliasCommand" : "delete",
      "aliasString" : "delete"
    },
    "editCommand" : {
      "aliasCommand" : "edit",
      "aliasString" : "edit"
    },
    "exitCommand" : {
      "aliasCommand" : "exit",
      "aliasString" : "exit"
    },
    "findCommand" : {
      "aliasCommand" : "find",
      "aliasString" : "find"
    },
    "groupCommand" : {
      "aliasCommand" : "group",
      "aliasString" : "group"
    },
    "helpCommand" : {
      "aliasCommand" : "help",
      "aliasString" : "h"
    },
    "historyCommand" : {
      "aliasCommand" : "history",
      "aliasString" : "history"
    },
    "listCommand" : {
      "aliasCommand" : "list",
      "aliasString" : "list"
    },
    "lockCommand" : {
      "aliasCommand" : "lock",
      "aliasString" : "lock"
    },
    "loginCommand" : {
      "aliasCommand" : "login",
      "aliasString" : "login"
    },
    "logoutCommand" : {
      "aliasCommand" : "logout",
      "aliasString" : "logout"
    },
    "orderCommand" : {
      "aliasCommand" : "order",
      "aliasString" : "order"
    },
    "redoCommand" : {
      "aliasCommand" : "redo",
      "aliasString" : "redo"
    },
    "remarkCommand" : {
      "aliasCommand" : "remark",
      "aliasString" : "remark"
    },
    "removeUserCommand" : {
      "aliasCommand" : "remove",
      "aliasString" : "remove"
    },
    "selectCommand" : {
      "aliasCommand" : "select",
      "aliasString" : "select"
    },
    "setAliasCommand" : {
      "aliasCommand" : "setalias",
      "aliasString" : "setalias"
    },
    "undoCommand" : {
      "aliasCommand" : "undo",
      "aliasString" : "undo"
    },
    "viewAliasCommand" : {
      "aliasCommand" : "viewalias",
      "aliasString" : "viewalias"
    },
    "addEventCommand" : {
      "aliasCommand" : "addevent",
      "aliasString" : "addevent"
    },
    "deleteEventCommand" : {
      "aliasCommand" : "deleteevent",
      "aliasString" : "deleteevent"
    },
    "editEventCommand" : {
      "aliasCommand" : "editevent",
      "aliasString" : "editevent"
    },
    "listEventCommand" : {
      "aliasCommand" : "listevent",
      "aliasString" : "listevent"
    },
    "orderEventCommand" : {
      "aliasCommand" : "orderevent",
      "aliasString" : "orderevent"
    },
    "findEventCommand" : {
      "aliasCommand" : "findevent",
      "aliasString" : "findevent"
    },
    "transferCommand" : {
      "aliasCommand" : "transfer",
      "aliasString" : "transfer"
    },
    "setThemeCommand" : {
      "aliasCommand" : "settheme",
      "aliasString" : "settheme"
    },
    "switchCommand" : {
      "aliasCommand" : "switch",
      "aliasString" : "switch"
    },
    "selectEventCommand" : {
      "aliasCommand" : "selectevent",
      "aliasString" : "selectevent"
    },
    "exportCommand" : {
      "aliasCommand" : "export",
      "aliasString" : "export"
    },
    "usedAliases" : [ "select", "remark", "redo", "editevent", "login", "delete", "switch", "undo", "find", "setalias", "viewalias", "export", "order", "group", "add", "b", "listevent", "edit", "orderevent", "clear", "h", "history", "list", "exit", "help", "selectevent", "transfer", "addevent", "deleteevent", "findevent" ]
  },
  "dataFilePath" : "data/",
  "addressBookFilePath" : "data/addressbook.xml",
  "accountFilePath" : "data/account.xml",
  "addressBookName" : "MyAddressBook",
  "eventBookFilePath" : "data/eventbook.xml",
  "eventBookName" : "MyEventBook",
  "addressbookExportedPath" : "data/addressbook.csv",
  "addressbookHeader" : "Name,Phone,Address,Birthday,Email,Group,Remark,Tagged",
  "eventbookExportedPath" : "data/eventbook.csv",
  "eventbookHeader" : "Title,Description,Location,Datetime"
}