<?xml version="1.0" encoding="UTF-8" standalone="yes"?>
<addressbook>
    <persons>
        <name>test</name>
        <phone>999</phone>
        <address>temp</address>
        <birthday></birthday>
        <email></email>
        <group></group>
        <remark></remark>
    </persons>
    <persons>
        <name>David Li</name>
        <phone>91031282</phone>
        <address>Blk 436 Serangoon Gardens Street 26, #16-43</address>
        <birthday>20-10-1998</birthday>
        <email>lidavid@example.com</email>
        <group>CCA</group>
        <remark></remark>
        <tagged>family</tagged>
    </persons>
    <persons>
        <name>Roy Balakrishnan</name>
        <phone>92624417</phone>
        <address>Blk 45 Aljunied Street 85, #11-31</address>
        <birthday>20-10-1998</birthday>
        <email>royb@example.com</email>
        <group>CCA</group>
        <remark></remark>
        <tagged>colleagues</tagged>
    </persons>
    <persons>
        <name>Bernice Yu</name>
        <phone>99272758</phone>
        <address>Blk 30 Lorong 3 Serangoon Gardens, #07-18</address>
        <birthday>11-10-1996</birthday>
        <email>berniceyu@example.com</email>
        <group>DEMO</group>
        <remark>Likes to swim.</remark>
        <tagged>colleagues</tagged>
        <tagged>friends</tagged>
    </persons>
    <persons>
        <name>Charlotte Oliveiro</name>
        <phone>93210283</phone>
        <address>Blk 11 Ang Mo Kio Street 74, #11-04</address>
        <birthday>11-10-1996</birthday>
        <email>charlotte@example.com</email>
        <group>DEMO</group>
        <remark>As quick as a leopard.</remark>
        <tagged>neighbours</tagged>
    </persons>
    <persons>
        <name>TEST</name>
        <phone>1234</phone>
        <address>nus soc</address>
        <birthday></birthday>
        <email></email>
        <group></group>
        <remark></remark>
    </persons>
    <persons>
        <name>Irfan Ibrahim</name>
        <phone>92492021</phone>
        <address>Blk 47 Tampines Street 20, #17-35</address>
        <birthday>20-10-1997</birthday>
        <email>irfan@example.com</email>
        <group></group>
        <remark></remark>
        <tagged>classmates</tagged>
    </persons>
    <persons>
        <name>Alex Yeoh</name>
        <phone>87438807</phone>
        <address>Blk 30 Geylang Street 29, #06-40</address>
        <birthday>11-10-1996</birthday>
        <email>alexyeoh@example.com</email>
        <group></group>
        <remark></remark>
        <tagged>friends</tagged>
    </persons>
    <persons>
        <name>TEST2</name>
        <phone>1234</phone>
        <address>nus foe</address>
        <birthday>14-07-1996</birthday>
        <email></email>
        <group></group>
        <remark></remark>
    </persons>
    <tags>colleagues</tags>
    <tags>classmates</tags>
    <tags>neighbours</tags>
    <tags>family</tags>
    <tags>friends</tags>
    <groups>CCA</groups>
    <groups>DEMO</groups>
</addressbook>
