<?xml version="1.0" encoding="UTF-8" standalone="yes"?>
<eventbook>
    <events>
        <title>Orbital</title>
        <description>Milestone 2</description>
        <location>SoC</location>
        <datetime>26-11-2017 2359</datetime>
    </events>
    <events>
        <title>CS2103</title>
        <description>Submission Deadline</description>
        <location>SoC</location>
        <datetime>14-11-2017 2359</datetime>
    </events>
    <events>
        <title>NBA Basketball Finals</title>
        <description>Cavs vs 76ers</description>
        <location>UTSH</location>
        <datetime>26-10-2017 0800</datetime>
    </events>
    <events>
        <title>USProductions</title>
        <description>Drama Performance</description>
        <location>YNC Blackbox</location>
        <datetime>17-10-2017 1200</datetime>
    </events>
    <events>
        <title>Halloween Horror Night 7</title>
        <description>Night out with friends</description>
        <location>Univsersal Studio</location>
        <datetime>13-10-2017 1900</datetime>
    </events>
</eventbook>
